date,text,sentiment,polarity_score,neg_prob,neu_prob,pos_prob
3/1/2025,"The Tariffs, and Tariffs alone, created this vast wealth for our Country. Then we switched over to Income Tax. We were never so wealthy as during this period. Tariffs will pay off our debt and, MAKE AMERICA WEALTHY AGAIN! https://t.co/ZuAi9qCdai",positive,0.5708439946174622,0.056812588,0.31553083658218384,0.6276565790176392
3/1/2025,"With the Biden “Open Border’s Policy” I said, many times during Rallies, and elsewhere, that Radical Islamic Terrorism, and other forms of violent crime, will become so bad in America that it will become hard to even imagine or believe. That time has come, only worse than ever imagined. Joe Biden is the WORST PRESIDENT IN THE HISTORY OF AMERICA, A COMPLETE AND TOTAL DISASTER. What he and his group of Election Interfering “thugs” have done to our Country will not soon be forgotten! MAGA",negative,-0.869446397,0.8820153474807739,0.10541573166847229,0.012568969279527664
3/1/2025,"Our Country is a disaster, a laughing stock all over the World! This is what happens when you have OPEN BORDERS, with weak, ineffective, and virtually nonexistent leadership. The DOJ, FBI, and Democrat state and local prosecutors have not done their job. They are incompetent and corrupt, having spent all of their waking hours unlawfully attacking their political opponent, ME, rather than focusing on protecting Americans from the outside and inside violent SCUM that has infiltrated all aspects of our government, and our Nation itself. Democrats should be ashamed of themselves for allowing this to happen to our Country. The CIA must get involved, NOW, before it is too late. The USA is breaking down - A violent erosion of Safety, National Security, and Democracy is taking place all across our Nation. Only strength and powerful leadership will stop it. See you on January 20th. MAKE AMERICA GREAT AGAIN!",negative,-0.919804037,0.9292149543762207,0.061374157667160034,0.009410891
3/1/2025,TRUMP WAS RIGHT ABOUT EVERYTHING!,positive,0.9107803106307983,0.015614358708262444,0.057991024,0.9263946413993835
5/1/2025,"Members of Congress are getting to work on one powerful Bill that will bring our Country back, and make it greater than ever before. We must Secure our Border, Unleash American Energy, and Renew the Trump Tax Cuts, which were the largest in History, but we will make it even better - NO TAX ON TIPS. IT WILL ALL BE MADE UP WITH TARIFFS, AND MUCH MORE, FROM COUNTRIES THAT HAVE TAKEN ADVANTAGE OF THE U.S. FOR YEARS. Republicans must unite, and quickly deliver these Historic Victories for the American People. Get smart, tough, and send the Bill to my desk to sign as soon as possible. MAKE AMERICA GREAT AGAIN!",positive,0.9220319390296936,0.005043898,0.067880206,0.9270758628845215
13/1/2025,https://t.co/5xCdrWmQEH,,,,,
17/1/2025,My NEW Official Trump Meme is HERE! It’s time to celebrate everything we stand for: WINNING! Join my very special Trump Community. GET YOUR $TRUMP NOW. Go to https://t.co/GX3ZxT5xyq — Have Fun! https://t.co/flIKYyfBrC,positive,0.9818263053894043,0.001607535,0.014958608895540237,0.9834338426589966
18/1/2025,RT @EricTrump: I am extremely proud of what we continue to accomplish in crypto. $Trump is currently the hottest digital meme on earth and I truly believe that @WorldLibertyFi will revolutionize DeFi/Cefi and will be the future of finance. We are just getting started! 🚀🚀 https://t.co/YzdxoCWrKV,positive,0.9827176332473755,0.00228962,0.012703179381787777,0.9850072264671326
19/1/2025,President Trump’s Celebratory Victory Rally https://t.co/MCKNpDh8kG,positive,0.7943419814109802,0.003574094,0.19850988686084747,0.797916055
19/1/2025,RT @MELANIATRUMP: The Official Melania Meme is live!  You can buy $MELANIA now.    https://t.co/mgSwtOQYnq  FUAfBo2jgks6gB4Z4LfZkqSZgzNucis…,neutral,0.47614428400993347,0.005119324,0.5136170983314514,0.4812636077404022
20/1/2025,The 60th Presidential Inauguration Ceremony https://t.co/kTB4w2VCdI,neutral,0.064351998,0.010557270608842373,0.9145334959030151,0.07490927
20/1/2025,Donald J. Trump Attends the Presidential Parade https://t.co/xath35WNXE,neutral,0.11015090346336365,0.010804589837789536,0.8682399392127991,0.12095548957586288
21/1/2025,RT @realDonaldTrump: My NEW Official Trump Meme is HERE! It’s time to celebrate everything we stand for: WINNING! Join my very special Trump Community. GET YOUR $TRUMP NOW. Go to https://t.co/GX3ZxT5xyq — Have Fun! https://t.co/flIKYyfBrC,positive,0.9808453321456909,0.001663592,0.015827458,0.9825088977813721
22/1/2025,Happy 20th Anniversary to Melania! https://t.co/VIcXSQb4QO,positive,0.9745698571205139,0.003054336,0.019321467727422714,0.9776241779327393
25/1/2025,MAKE AMERICA GREAT AGAIN! https://t.co/K6FkyX1AZp,positive,0.8718611598014832,0.010241769254207611,0.10765527933835983,0.882102907
25/1/2025,THE GOLDEN AGE OF AMERICA BEGINS RIGHT NOW! https://t.co/PSfDlAFpeO,positive,0.6740274429321289,0.0072909,0.3113907277584076,0.6813183426856995
25/1/2025,"President Donald Historic Inauguration Sets Viewership Record Data from Streams Charts shows that coverage President Trump’s Inauguration, News section YouTube “All Time Viewership Record” with million viewers. Additionally, Inaugural Ceremony stream President Donald account received stunning 36.7 million views. combination with viewership, estimated 80.7 million viewers watched President’s Inauguration, which beats previous record million viewers with Ronald Inauguration 1981.",positive,0.8167580366134644,0.003101101,0.17703969776630402,0.8198591470718384
28/1/2025,THE USA HAS A LOT OF WINNING TO DO DJT,neutral,0.2392498105764389,0.094767377,0.5712154507637024,0.33401718735694885
28/1/2025,"There bright light over and, indeed, entire World, ever since Presidential Election 2024.",positive,0.899794877,0.003091386,0.094022363,0.9028862714767456
31/1/2025,"RT @NicoleShanahan: Proud of you, Bobby, for taking the lead—and of every American who has every reason to give up but refuses to stop fighting. We WILL win. 🇺🇸 https://t.co/MnJEzrmFIr",positive,0.9157771468162537,0.010951410979032516,0.062320016,0.9267285466194153
31/1/2025,https://t.co/0qNyRa9km3,,,,,
31/1/2025,Daily Encounters Undocumented Migrants Without Repatriations Returns Mexico January 2025,neutral,-0.043561555,0.067982398,0.9075967073440552,0.024420844
31/1/2025,"Photo of beautiful water flow that I just opened in California. Today, 1.6 billion gallons and, in 3 days, it will be 5.2 billion gallons. Everybody should be happy about this long fought Victory! I only wish they listened to me six years ago – There would have been no fire! https://t.co/Oaz92ZeiTh",positive,0.9627512097358704,0.005386682,0.026475394144654274,0.9681379199028015
31/1/2025,Just been informed that we are bringing six hostages home from Venezuela. Thank you to Ric Grenell and my entire staff. Great job!,positive,0.9698889255523682,0.004120369,0.021870373,0.9740092754364014
1/2/2025,"It is so good to have the Venezuela Hostages back home and, very important to note, that Venezuela has agreed to receive, back into their Country, all Venezuela illegal aliens who were encamped in the U.S., including gang members of Tren de Aragua. Venezuela has further agreed to supply the transportation back. We are in the process of removing record numbers of illegal aliens from all Countries, and all Countries have agreed to accept these illegal aliens back. Furthermore, record numbers of criminals are being removed from our Country, and the Border numbers are the strongest they have been since the First Term of the Trump Administration!",positive,0.7795345187187195,0.020782513543963432,0.17890048027038574,0.8003170490264893
1/2/2025,"Hostages from Venezuela arrived home last night, great condition!",positive,0.9478097558021545,0.003752912,0.044684447,0.9515626430511475
1/2/2025,"good have Venezuela Hostages back home and, very important note, that Venezuela agreed receive, back into their Country, Venezuela illegal aliens were encamped U.S., including gang members Tren Aragua. Venezuela further agreed supply transportation back. process removing record numbers illegal aliens from Countries, Countries have agreed accept these illegal aliens back. Furthermore, record numbers criminals being removed from Country, Border numbers strongest they have been since First Term Trump Administration!",neutral,0.289523184,0.059581921,0.5913128852844238,0.3491051197052002
1/2/2025,"This morning I ordered precision Military air strikes on the Senior ISIS Attack Planner and other terrorists he recruited and led in Somalia. These killers, who we found hiding in caves, threatened the United States and our Allies. The strikes destroyed the caves they live in, and killed many terrorists without, in any way, harming civilians. Our Military has targeted this ISIS Attack Planner for years, but Biden and his cronies wouldn’t act quickly enough to get the job done. I did! The message to ISIS and all others who would attack Americans is that “WE WILL FIND YOU, AND WE WILL KILL YOU!”",negative,-0.901037157,0.9079588055610657,0.085119493,0.006921633
1/2/2025,"Today, have implemented Tariff Imports from Mexico Canada (10% Canadian Energy), additional Tariff China. This done through International Emergency Economic Powers (IEEPA) because major threat illegal aliens deadly drugs killing Citizens, including fentanyl. need protect Americans, duty President ensure safety all. made promise Campaign stop flood illegal aliens drugs from pouring across Borders, Americans overwhelmingly voted favor",neutral,-0.242259666,0.31476330757141113,0.6127330660820007,0.072503641
3/2/2025,https://t.co/PK1V8YklhY https://t.co/DB2rvH3vzr,,,,,
3/2/2025,"just spoke with President Claudia Sheinbaum Mexico. very friendly conversation wherein agreed immediately supply 10,000 Mexican Soldiers Border separating Mexico United States. These soldiers will specifically designated stop flow fentanyl, illegal migrants into Country. further agreed immediately pause anticipated tariffs month period during which will have negotiations headed Secretary State Marco Rubio, Secretary Treasury Scott Bessent, Secretary Commerce Howard Lutnick, high-level Representatives Mexico. look forward participating those negotiations, with President Sheinbaum, attempt achieve “deal” between Countries. 36.9k Likes 2/3/25, 10:41AM",neutral,0.43404221534729004,0.010853083804249763,0.544251561,0.44489529728889465
4/2/2025,"just informed that Tiger Woods’ wonderful Mother, Kultida, passed away gone onto greener fairways! Kultida Woods amazing influence Tiger, gave much strength brilliance. Melania send love praye",positive,0.8497432470321655,0.018194653,0.11386741697788239,0.8679379224777222
6/2/2025,"Gaza Strip would turned over United States Israel conclusion fighting. Palestinians, people like Chuck Schumer, would have already been resettled safer more beautiful communities, with modern homes, region. They would actually have chance happy, safe, free. U.S., working with great development teams from over World, would slowly carefully begin construction what would become greatest most spectacular developments kind Earth. soldiers U.S. would needed! Stability region would reign!!! 6.53k ReTruths 28.9k Likes 2/6/25, 6:32",positive,0.6155832409858704,0.033690833,0.317035049,0.6492740511894226
6/2/2025,"LOOKS LIKE BILLIONS DOLLARS HAVE BEEN STOLLEN USAID, OTHER AGENCIES, MUCH GOING FAKE NEWS MEDIA “PAYOFF” CREATING GOOD STORIES ABOUT DEMOCRATS. LEFT WING “RAG,” KNOWN “POLITICO,” SEEMS HAVE RECEIVED $8,000,000. York Times receive money??? else did??? THIS COULD BIGGEST SCANDAL THEM ALL, PERHAPS BIGGEST HISTORY! DEMOCRATS HIDE FROM THIS ONE. BIG, DIRTY! 10.8k ReTruths 31.9k Likes 2/6/25, 6:47",negative,-0.684024811,0.7187585234642029,0.24650776386260986,0.034733698
6/2/2025,"Exciting news! Executive Order, which proudly signed yesterday, NCAA officially changed their policy allowing Women’s Sports BANNED! This great women girls across Country. should have NEVER been allowed compete against women first place, proud President SAVE Women’s Sports. expect Olympics Committee also Common Sense, implement this policy, which very popular among American People, entire World!",positive,0.9467342495918274,0.005832035,0.041601669043302536,0.9525662660598755
7/2/2025,"USAID DRIVING RADICAL LEFT CRAZY, THERE NOTHING THEY ABOUT BECAUSE WHICH MONEY BEEN SPENT, MUCH FRAUDULENTLY, TOTALLY UNEXPLAINABLE. CORRUPTION LEVELS RARELY SEEN BEFORE. CLOSE DOWN!",negative,-0.868005872,0.8813661932945251,0.10527349263429642,0.013360305689275265
7/2/2025,"will signing Executive Order next week ending ridiculous Biden push Paper Straws, which don’t work. BACK PLASTIC!",negative,-0.562961161,0.6232694983482361,0.3164221942424774,0.06030836
9/2/2025,https://t.co/KyCbNARsA9,,,,,
9/2/2025,https://t.co/M1HzBZKrnA,,,,,
11/2/2025,"hereby instructing Secretary Zeldin immediately back Environmental Orders, which were terminated Crooked Biden, Water Standards Flow pertaining SINKS, SHOWERS, TOILETS, WASHING MACHINES, DISHWASHERS, etc., likewise back common sense standards LIGHTBULBS, that were place Trump Administration, terminated Crooked Joe. look forward signing these Orders. THANK YOU!!!",positive,0.4925062954425812,0.032486815,0.4425201117992401,0.5249931216239929
11/2/2025,"Billions Dollars FRAUD, WASTE, ABUSE, already been found investigation incompetently Government. certain activists highly political judges want slow down, stop. Losing this momentum will very detrimental finding TRUTH, which turning disaster those involved running Government. Much left find. Excuses!!!",negative,-0.887428045,0.896305263,0.094817512,0.008877227
11/2/2025,"WELCOME HOME, MARC!🇺🇸 https://t.co/0b2Igcqudp",positive,0.9719799757003784,0.002122266,0.023775478824973106,0.974102259
15/2/2025,He who saves his Country does not violate any Law.,neutral,0.28089189529418945,0.057974104,0.6031599044799805,0.3388659954071045
17/2/2025,https://t.co/WTZYKOPVnK,,,,,
17/2/2025,https://t.co/eZUiPWNEEE,,,,,
17/2/2025,"On Trade, I have decided, for purposes of Fairness, that I will charge a RECIPROCAL Tariff meaning, whatever Countries charge the United States of America, we will charge them - No more, no less!  For purposes of this United States Policy, we will consider Countries that use the VAT System, which is far more punitive than a Tariff, to be similar to that of a Tariff. Sending merchandise, product, or anything by any other name through another Country, for purposes of unfairly harming America, will not be accepted. In addition, we will make provision for subsidies provided by Countries in order to take Economic advantage of the United States. Likewise, provisions will be made for Nonmonetary Tariffs and Trade Barriers that some Countries charge in order to keep our product out of their domain or, if they do not even let U.S. businesses operate. We are able to accurately determine the cost of these Nonmonetary Trade Barriers. It is fair to all, no other Country can complain and, in some cases, if a Country feels that the United States would be getting too high a Tariff, all they have to do is reduce or terminate their Tariff against us. There are no Tariffs if you manufacture or build your product in the United States.  For many years, the U.S. has been treated unfairly by other Countries, both friend and foe. This System will immediately bring Fairness and Prosperity back into the previously complex and unfair System of Trade. America has helped many Countries throughout the years, at great financial cost. It is now time that these Countries remember this, and treat us fairly – A LEVEL PLAYING FIELD FOR AMERICAN WORKERS. I have instructed my Secretary of State, Secretary of Commerce, Secretary of the Treasury, and United States Trade Representative (USTR) to do all work necessary to deliver RECIPROCITY to our System of Trade!",neutral,-0.011453047,0.12476211041212082,0.7619288563728333,0.11330906301736832
18/2/2025,https://t.co/vtx3xYvguL,,,,,
18/2/2025,"Over past four years, Department Justice been politicized like never before. Therefore, have instructed termination remaining “Biden Era” U.S. Attorneys. must “clean house” IMMEDIATELY, restore confidence. America’s Golden must have fair Justice System THAT BEGINS TODAY!",negative,-0.451455742,0.5017639398574829,0.447927862,0.050308194011449814
19/2/2025,"Think modestly successful comedian, Volodymyr Zelenskyy, talked United States America into spending $350 Billion Dollars, into that couldn’t won, that never start, that without U.S. “TRUMP,” will never able settle. United States spent $200 Billion Dollars more than Europe, Europe’s money guaranteed, while United States will nothing back. didn’t Sleepy Biden demand Equalization, that this more important Europe than have big, beautiful Ocean separation. this, Zelenskyy admits that half money sent “MISSING.” refuses have Elections, very Ukrainian Polls, only thing good playing Biden “like fiddle.” Dictator without Elections, Zelenskyy better move fast going have Country left. meantime, successfully negotiating with Russia, something admit only “TRUMP,” Trump Administration, Biden never tried, Europe failed bring Peace, Zelenskyy probably wants keep “gravy train” going. love Ukraine, Zelenskyy done terrible job, Country shattered, MILLIONS have unnecessarily died continues.....",negative,-0.663080573,0.6982139945030212,0.26665258407592773,0.035133447498083115
19/2/2025,https://t.co/BlidhHnH2i,,,,,
19/2/2025,"Elon Musk: “The instincts Ukraine absolutely right. really that many parents have lost their sons, many sons their fathers this pointless war.”",negative,-0.522895575,0.5883184671401978,0.34625861048698425,0.0654229
24/2/2025,https://t.co/BlCIdTrJDd,,,,,
24/2/2025,"Today, President Emmanuel Macron France joined Oval Office speak Summit. meeting convened Governor Justin Trudeau Canada, current chair acknowledge Third Anniversary Russia-Ukraine Which would have never started President. Everyone expressed their goal seeing end, emphasized importance vital “Critical Minerals Rare-Earths Deal” between United States Ukraine, which hope will signed very soon! This deal, which “Economic Partnership,” will ensure American people recoup Tens Billions Dollars Military Equipment sent Ukraine, while also helping economy grow this Brutal Savage comes end. same time, serious discussions with President Vladimir Putin Russia concerning ending War, also major Economic Development transactions which will take place between United States Russia. Talks proceeding very well! 4.95k ReTruths 23.3k Likes 2025 12:00",positive,0.5786771178245544,0.011219200678169727,0.39888444542884827,0.5898963212966919
26/2/2025,https://t.co/qpU1uT8B8Z,,,,,
27/2/2025,https://t.co/tJ22x6ldl3,,,,,
28/2/2025,RT @Scavino47: Behind the scenes at the @WhiteHouse as President @realDonaldTrump welcomes UK Prime Minister @Keir_Starmer to the West Wing🇺🇸🇬🇧 https://t.co/UUwtqDp9BZ,neutral,0.2837110757827759,0.004709815,0.7068693041801453,0.2884208858013153
28/2/2025,"Statement from President Donald Trump very meaningful meeting White House today. Much learned that could never understood without conversation under such fire pressure. It’s amazing what comes through emotion, have determined that President Zelenskyy ready Peace America involved, because feels involvement gives advantage negotiations. don’t want advantage, want PEACE. disrespected United States America cherished Oval Office. come back when ready Peace.”",positive,0.8300139307975769,0.012853610329329967,0.1442788541316986,0.8428675532341003
4/3/2025,https://t.co/LwOIz29x2t,,,,,
6/3/2025,"RT @america: America is Back. Thank you, @realDonaldTrump! https://t.co/ABazdwMFt8",positive,0.9520590305328369,0.00433528,0.039270438,0.9563943147659302
6/3/2025,https://t.co/ReyOK1CGPF,,,,,
11/3/2025,"RT @Scavino47: President Trump, @Elon, and X leave the Oval Office and head over to the South Portico of the @WhiteHouse where Elon helped @POTUS choose his new @Tesla… https://t.co/5jJLVXzRAi",neutral,0.081459127,0.006067576,0.9064058065414429,0.087526701
11/3/2025,"Number one, it's a great product, as good as it gets—and number two, because @ElonMusk has devoted his energy and his life to doing this and I think he has been treated very unfairly… https://t.co/6qrfwrbT0f",positive,0.7648818492889404,0.056300424,0.12251733988523483,0.8211822509765625
11/3/2025,"Elon Musk: “As a function of the great policies of President Trump and his administration, and as an act of faith in America, Tesla is going to DOUBLE vehicle output in the United States within the next two years…” https://t.co/g8jY77yxtP",positive,0.8229467868804932,0.006078866,0.1648954451084137,0.8290256261825562
20/3/2025,https://t.co/7l5mGYjROe,,,,,
21/3/2025,RT @mrddmia: 🚨 Newly Filed Motion To Disqualify Radical Obama Judge Beryl Howell From Trump Case  Read More: https://t.co/CyEILbUhyq https://t.co/dR9EXT1rDj,neutral,-0.049730964,0.071509749,0.9067114591598511,0.021778782829642296
21/3/2025,"Donald Trump @realDonaldTrump Unlawful Nationwide Injunctions Radical Left Judges could very well lead destruction Country! These people Lunatics, care, even little bit, about repercussions from their very dangerous incorrect Decisions Rulings. Lawyers endlessly search United States these Judges, file lawsuits quickly they find them. then obligation abiding Agencies Government have these “Orders” overturned. danger unparalleled! These Judges want assume Powers Presidency, without having attain Million Votes. They want advantages with none risks. Again, President allowed quickly decisively about such matters returning murderers, drug lords, rapists, other such type criminals back their Homeland, other locations that will allow Country SAFE. goal MAKE AMERICA GREAT AGAIN, such high aspiration never done Radical Highly Partisan Judges allowed stand JUSTICE. STOP NATIONWIDE INJUNCTIONS NOW, BEFORE LATE. Justice Roberts United States Supreme Court this toxic unprecedented situation IMMEDIATELY, Country very serious trouble!",negative,-0.787510872,0.8086332678794861,0.17024439573287964,0.021122369915246964
24/3/2025,"FIGHT, FIGHT, FIGHT!!! https://t.co/irQ5B6TRE2",neutral,0.37912964820861816,0.079190776,0.4624888598918915,0.45832040905952454
28/3/2025,https://t.co/i1rW9HroWn,,,,,
30/3/2025,"RT @OcrazioCornPop: 🚨 SIGNAL SCANDAL:  Katherine Maher, the leftist NPR CEO, is currently the Chair of the Board of Signal!  WHAT ARE THE ODDS?",neutral,0.030796585604548454,0.007919995,0.9533633589744568,0.038716581
31/3/2025,"Jimmy Patronis, Chief Financial Officer and Fire Marshall for the Great State of Florida, is running an incredible Campaign for Congress in Florida’s 1st Congressional District! A fourth generation Floridian from the beautiful Panhandle, and owner of an iconic seafood restaurant, Jimmy has been a wonderful friend to me, and to MAGA. As your next Congressman, Jimmy will fight hard alongside of me to Grow our Economy, Cut Taxes, Secure our Border, Stop Migrant Crime, Strengthen our Brave Military/Vets, Restore American Energy DOMINANCE, and Defend our always under siege Second Amendment.   Florida, Election Day is this Tuesday, April 1st. GET OUT AND VOTE FOR JIMMY PATRONIS. Jimmy has my Complete and Total Endorsement — HE WILL NEVER LET YOU DOWN! https://t.co/xP3nBIgOep",positive,0.9551337361335754,0.002530177,0.039805893,0.957663894
31/3/2025,"America First Patriot Randy Fine is running to represent the Wonderful People of Florida’s 6th Congressional District! A highly successful, Harvard educated businessman, and greatly respected State Legislator, Randy has been a tremendous Voice for MAGA. In Congress, Randy will be an incredible fighter, who will work tirelessly with me to Strengthen our Economy, Lower Taxes, Secure the Border, Champion our Military/Vets, Ensure American Energy DOMINANCE, Protect our always under siege Second Amendment, and Advance PEACE THROUGH STRENGTH.   Randy Fine has my Complete and Total Endorsement! Election Day is this Tuesday, April 1st. GET OUT AND VOTE FOR RANDY — HE WILL NOT LET YOU DOWN! https://t.co/3Bnn5ZweH2",positive,0.9630691409111023,0.002103734,0.032723397,0.9651728868484497
31/3/2025,https://t.co/PRHm1dTtSX,,,,,
31/3/2025,"Thank you President Bukele, of El Salvador, for taking the criminals that were so stupidly allowed, by the Crooked Joe Biden Administration, to enter our Country, and giving them such a wonderful place to live! https://t.co/NGciZozCxe",positive,0.6160780787467957,0.093576692,0.19676858186721802,0.7096547484397888
31/3/2025,"In two months, there has been more Private Investment spoken for, and/or committed to, than in four years of the Sleepy Joe Biden Administration — A fact that the Fake News hates talking about!",negative,-0.413786918,0.5064166188240051,0.40095365047454834,0.092629701
31/3/2025,"There will never have been a transformation of a Country like the transformation that is happening, for all to see, in the United States of America. Companies are pouring into our Country at levels never seen before, with Jobs (and Money!) to follow. It is a beautiful thing to watch!",positive,0.9733759760856628,0.004174963,0.018274045,0.9775509238243103
31/3/2025,"The Iran-backed Houthi Terrorists have been decimated by the relentless strikes over the past two weeks. Many of their Fighters and Leaders are no longer with us. We hit them every day and night — Harder and harder. Their capabilities that threaten Shipping and the Region are rapidly being destroyed. Our attacks will continue until they are no longer a threat to Freedom of Navigation. The choice for the Houthis is clear: Stop shooting at U.S. ships, and we will stop shooting at you. Otherwise, we have only just begun, and the real pain is yet to come, for both the Houthis and their sponsors in Iran.",negative,-0.889217079,0.8951871395111084,0.098842859,0.005970071
1/4/2025,"REPUBLICANS MUST DEFUND AND TOTALLY DISASSOCIATE THEMSELVES FROM NPR &amp; PBS, THE RADICAL LEFT “MONSTERS” THAT SO BADLY HURT OUR COUNTRY!",negative,-0.866679609,0.8810917735099792,0.10449603945016861,0.014412179589271545
2/4/2025,Donald Trump @realDonaldTrump IT’S LIBERATION AMERICA! 4.78k ReTruths 17.2k Likes,positive,0.5812548995018005,0.019960615783929825,0.37882375717163086,0.6012155413627625
2/4/2025,https://t.co/k8Eh7B8fq3,,,,,
2/4/2025,https://t.co/CdTzF2sfMZ,,,,,
3/4/2025,https://t.co/ZoSf5TdLqo,,,,,
4/4/2025,"These Houthis gathered for instructions on an attack. Oops, there will be no attack by these Houthis!   They will never sink our ships again! https://t.co/lEzfyDgWP5",negative,-0.87655127,0.8869690895080566,0.10261299461126328,0.010417813435196877
7/4/2025,"Oil prices are down, interest rates are down (the slow moving Fed should cut rates!), food prices are down, there is NO INFLATION, and the long time abused USA is bringing in Billions of Dollars a week from the abusing countries on Tariffs that are already in place. This is despite the fact that the biggest abuser of them all, China, whose markets are crashing, just raised its Tariffs by 34%, on top of its long term ridiculously high Tariffs (Plus!), not acknowledging my warning for abusing countries not to retaliate. They’ve made enough, for decades, taking advantage of the Good OL’ USA! Our past “leaders” are to blame for allowing this, and so much else, to happen to our Country. MAKE AMERICA GREAT AGAIN!",negative,-0.875816286,0.8880736827850342,0.099668853,0.012257402762770653
7/4/2025,"The United States has a chance to do something that should have been done DECADES AGO. Don’t be Weak! Don’t be Stupid! Don’t be a PANICAN (A new party based on Weak and Stupid people!). Be Strong, Courageous, and Patient, and GREATNESS will be the result!",positive,0.6282523274421692,0.074398942,0.22294971346855164,0.7026512622833252
16/4/2025,https://t.co/Y6OFeGKS4l,,,,,
18/4/2025,"This is the hand of the man that the Democrats feel should be brought back to the United States, because he is such “a fine and innocent person.” They said he is not a member of MS-13, even though he’s got MS-13 tattooed onto his knuckles, and two Highly Respected Courts found that he was a member of MS-13, beat up his wife, etc. I was elected to take bad people out of the United States, among other things. I must be allowed to do my job. MAKE AMERICA GREAT AGAIN!",negative,-0.366972119,0.47443073987960815,0.4181106388568878,0.10745862126350403
18/4/2025,"Following my Day One Executive Order, the Office of Personnel Management will be issuing new Civil Service Regulations for career government employees. Moving forward, career government employees, working on policy matters, will be classified as “Schedule Policy/Career,” and will be held to the highest standards of conduct and performance. If these government workers refuse to advance the policy interests of the President, or are engaging in corrupt behavior, they should no longer have a job. This is common sense, and will allow the federal government to finally be “run like a business.” We must root out corruption and implement accountability in our Federal Workforce!",neutral,0.031456638127565384,0.060692910104990005,0.8471575379371643,0.092149548
18/4/2025,"Sleepy Joe Biden, THE WORST PRESIDENT IN THE HISTORY OF THE UNITED STATES, has allowed millions and millions of Criminals, many of them murderers, drug dealers, and people released from prisons and mental institutions from all around the world, to enter our Country through it’s very dangerous and ill conceived Open Border. Sorry, but it’s my job to get these killers and thugs out of here. THAT’S WHAT I GOT ELECTED TO DO. MAGA!",negative,-0.913697362,0.9231701493263245,0.067357086,0.009472777
23/4/2025,RT @johnrich: A conversation about online child predators with Homeland Security and John Rich: PLS Repost! https://t.co/zChy4K5HQU,neutral,0.03862115,0.025304699316620827,0.9107694029808044,0.063925847
28/4/2025,"Join me tomorrow, April 29th—in Warren, Michigan at 6:00PM Eastern! https://t.co/TptdFccVat",neutral,0.3376021683216095,0.002970127,0.6564575433731079,0.3405722975730896
1/5/2025,https://t.co/30CHzvOXUY,,,,,
1/5/2025,https://t.co/IDaLzWW3H5,,,,,
5/5/2025,GALA DINNE TRUMP NATIONAL 2025,neutral,0.16383859515190125,0.059665207,0.7168310880661011,0.22350379824638367
5/5/2025,"REBUILD, AND OPEN ALCATRAZ! For too long, America has been plagued by vicious, violent, and repeat Criminal Offenders, the dregs of society, who will never contribute anything other than Misery and Suffering. When we were a more serious Nation, in times past, we did not hesitate to lock up the most dangerous criminals, and keep them far away from anyone they could harm. That’s the way it’s supposed to be. No longer will we tolerate these Serial Offenders who spread filth, bloodshed, and mayhem on our streets. That is why, today, I am directing the Bureau of Prisons, together with the Department of Justice, FBI, and Homeland Security, to reopen a substantially enlarged and rebuilt ALCATRAZ, to house America’s most ruthless and violent Offenders. We will no longer be held hostage to criminals, thugs, and Judges that are afraid to do their job and allow us to remove criminals, who came into our Country illegally. The reopening of ALCATRAZ will serve as a symbol of Law, Order, and JUSTICE. We will, MAKE AMERICA GREAT AGAIN!",negative,-0.80323261,0.8214274644851685,0.16037769615650177,0.018194876611232758
5/5/2025,"The Democrats are really out of control. They have lost everything, especially their minds! These Radical Left Lunatics are into the “Impeachment thing” again. They have already got two “No Name,” little respected Congressmen, total Whackjobs both, throwing the “Impeachment” of DONALD J. TRUMP around, for about the 20th time, even though they have no idea for what I would be Impeached. Maybe it should be for cleaning up the MESS that they left us on the Border, or the Highest Inflation in our Country’s History or, perhaps, it should be the incompetent Withdrawal from Afghanistan, or Russia, Russia, Russia/Ukraine, Ukraine, Ukraine, or the Attack of Israel on October 7th that only proceeded because they allowed Iran to regain Great Wealth. These Congressmen stated that, they didn’t know why they would Impeach me but, “We just want to do it.” The Republicans should start to think about expelling them from Congress for all of the crimes that they have committed, especially around Election time(s). These are very dishonest people that won’t let our Country heal! Why do we allow them to continuously use Impeachment as a weapon against the President of the United States who, by all accounts, is working hard to SAVE OUR COUNTRY. It’s the same playbook that they used in my First Term, and Republicans are not going to allow them to get away with it again. These are total LOWLIFES, who hate our Country, and everything it stands for. Perhaps we should start playing this game on them, and expel Democrats for the many crimes that they have committed — And these are REAL crimes. Remember, “Shifty” Adam Schiff demanded a Pardon, and they had to use the power of the Auto Pen, and a Full Pardon, for him and the Unselect Committee of Political Thugs, to save them from Expulsion, and probably worse!",negative,-0.846311688,0.858883262,0.12854516506195068,0.012571565806865692
5/5/2025,https://t.co/dZONBuFjpB,,,,,
5/5/2025,https://t.co/EejkjieL01,,,,,
5/5/2025,"This was so wonderful, 9 years ago today! https://t.co/1jDZHObj5T",positive,0.9796160459518433,0.00463613,0.011111674830317497,0.9842521548271179
5/5/2025,https://t.co/JgZKhj4K1Z,,,,,
6/5/2025,https://t.co/44glnqT0VM,,,,,
8/5/2025,RT @nypost: Democratic Rep. Jasmine Crockett accused of ‘abusing her power’ at airport after she cut passengers in wheelchairs https://t.co/b3dlA5LVIS https://t.co/R7kPGl7FWY,negative,-0.669564962,0.677504301,0.31455639004707336,0.007939326
8/5/2025,https://t.co/0sUAawNN8S,,,,,
8/5/2025,🇺🇸🇬🇧 https://t.co/rGKLly0JtS,neutral,0.2886295020580292,0.017832452431321144,0.675705612,0.30646196007728577
9/5/2025,"Today, I signed an Executive Order to launch the first-ever self-deportation program. Illegal aliens who stay in America face punishments, including—sudden deportation, in a place and manner solely of our discretion. TO ALL ILLEGAL ALIENS: BOOK YOUR FREE FLIGHT RIGHT NOW! https://t.co/LO4eyfhZOq",neutral,-0.17167899,0.26387444138526917,0.6439300775527954,0.092195451
10/5/2025,"After long night talks mediated United States, pleased announce that India Pakistan have agreed FULL IMMEDIATE CEASEFIRE. Congratulations both Countries using Common Sense Great Intelligence. Thank your attention this matter!",positive,0.9596349000930786,0.002825675,0.03471382,0.9624605774879456
11/5/2025,"happy announce that Edan Alexander, American citizen been held hostage since October 2023, coming home family. grateful those involved making this monumental news happen. This step taken good faith towards United States efforts mediators Qatar Egypt this very brutal return living hostages remains their loved ones. Hopefully this first those final steps necessary this brutal conflict. look very much forward that celebration!",positive,0.9179372191429138,0.008956403,0.06415002,0.9268936514854431
12/5/2025,"fact that Defense Department getting GIFT, FREE CHARGE, aircraft replace year Force One, temporarily, very public transparent transaction, bothers Crooked Democrats that they insist pay, DOLLAR, plane. Anybody that! Dems World Class Losers!!! MAGA",negative,-0.790970266,0.8148033022880554,0.1613636463880539,0.023833027109503746
12/5/2025,"DRUG PRICES 59%, PLUS! Gasoline, Energy, Groceries, other costs, DOWN. INFLATION!!! LOVE,",positive,0.7890698909759521,0.038528159,0.1338738054037094,0.8275980353355408
13/5/2025,https://t.co/DskIpIscnd,,,,,
16/5/2025,"Republicans MUST UNITE behind, “THE ONE, BIG BEAUTIFUL BILL!” Not only does it cut Taxes for ALL Americans, but it will kick millions of Illegal Aliens off of Medicaid to PROTECT it for those who are the ones in real need. The Country will suffer greatly without this Legislation, with their Taxes going up 65%. It will be blamed on the Democrats, but that doesn’t help our Voters. We don’t need “GRANDSTANDERS” in the Republican Party. STOP TALKING, AND GET IT DONE! It is time to fix the MESS that Biden and the Democrats gave us. Thank you for your attention to this matter!",negative,-0.688248515,0.7464171648025513,0.1954142153263092,0.058168638
16/5/2025,"THE SUPREME COURT IS BEING PLAYED BY THE RADICAL LEFT LOSERS, WHO HAVE NO SUPPORT, THE PUBLIC HATES THEM, AND THEIR ONLY HOPE IS THE INTIMIDATION OF THE COURT, ITSELF. WE CAN’T LET THAT HAPPEN TO OUR COUNTRY!",negative,-0.927300632,0.9350717067718506,0.057157155,0.007771069
17/5/2025,🇸🇦🇺🇸 https://t.co/i5cRnVmaFv,neutral,0.31432783603668213,0.021783421,0.642105222,0.33611124753952026
17/5/2025,🇶🇦🇺🇸 https://t.co/v1NwTQPWLO,neutral,0.27839913964271545,0.022336188703775406,0.6769284605979919,0.30073532462120056
17/5/2025,🇦🇪🇺🇸 https://t.co/7fRFm4zCL5,neutral,0.2219771146774292,0.025716017931699753,0.7265908122062683,0.24769313633441925
19/5/2025,"Just completed hour call with President Putin Russia. believe went very well. Russia Ukraine will immediately start negotiations toward Ceasefire and, more importantly, War. conditions that will negotiated between parties, only because they know details negotiation that nobody else would aware tone spirit conversation were excellent. wasn't, would now, rather than later. Russia wants largescale TRADE with United States when this catastrophic “bloodbath” over, agree. There tremendous opportunity Russia create massive amounts jobs wealth. potential UNLIMITED. Likewise, Ukraine great beneficiary Trade, process rebuilding Country. Negotiations between Russia Ukraine will begin immediately. have informed President Volodymyr Zelenskyy, Ukraine, Ursula Leyen, President European Commission, President Emmanuel Macron, France, Prime Minister Giorgia Meloni, Italy, Chancellor Friedrich Merz, Germany, President Alexander Stubb, Finland, during call with immediately after call with President Putin. Vatican, represented Pope, stated that would very interested hosting negotiations. process begin!",positive,0.7588891386985779,0.011526075191795826,0.2180587351322174,0.770415187
21/5/2025,https://t.co/ZuagVWL4KS,,,,,
22/5/2025,"“THE ONE, BIG, BEAUTIFUL BILL” has PASSED the House of Representatives! This is arguably the most significant piece of Legislation that will ever be signed in the History of our Country! The Bill includes MASSIVE Tax CUTS, No Tax on Tips, No Tax on Overtime, Tax Deductions when you purchase an American Made Vehicle, along with strong Border Security measures, Pay Raises for our ICE and Border Patrol Agents, Funding for the Golden Dome, “TRUMP Savings Accounts” for newborn babies, and much more! Great job by Speaker Mike Johnson, and the House Leadership, and thank you to every Republican who voted YES on this Historic Bill! Now, it’s time for our friends in the United States Senate to get to work, and send this Bill to my desk AS SOON AS POSSIBLE! There is no time to waste. The Democrats have lost control of themselves, and are aimlessly wandering around, showing no confidence, grit, or determination. They have forgotten their landslide loss in the Presidential Election, and are warped in the past, hoping someday to revive Open Borders for the World’s criminals to be able to pour into our Country, men to be able to play in women’s sports, and transgender for everybody. They don’t realize that these things, and so many more like them, will NEVER AGAIN happen!",positive,0.9716600775718689,0.003475414,0.021389083936810493,0.9751355051994324
24/5/2025,https://t.co/ymnea3Wf69,,,,,
26/5/2025,https://t.co/b19JtrkCiS,,,,,
31/5/2025,https://t.co/ttc8fsXNVF,,,,,
2/6/2025,"Yesterday’s horrific attack Boulder, Colorado, WILL TOLERATED United States America. came through ridiculous Open Border Policy, which hurt Country badly. must under “TRUMP” Policy. Acts Terrorism will prosecuted fullest extent Law. This another example must keep Borders SECURE, deport Illegal, Anti-American Radicals from Homeland. heart goes victims this terrible tragedy, Great People Boulder, Colorado!",negative,-0.908135056,0.9162085056304932,0.075718045,0.008073433
2/6/2025,https://t.co/U8OkJT3IEK,,,,,
14/6/2025,https://t.co/8C5WxKK3nc,,,,,
17/6/2025,"have complete total control skies over Iran. Iran good trackers other defensive equipment, plenty doesn’t compare American made, conceived, manufactured “stuff.” Nobody does better than good USA.",positive,0.5115525126457214,0.068196096,0.35205528140068054,0.5797486305236816
17/6/2025,"know exactly where so-called “Supreme Leader” hiding. easy target, safe there going take (kill!), least now. don’t want missiles shot civilians, American soldiers. patience wearing thin. Thank your attention this matter!",negative,-0.819794774,0.8350211977958679,0.14975237846374512,0.015226398594677448
17/6/2025,UNCONDITIONAL SURRENDER!,negative,-0.502405524,0.5506139993667603,0.40117746591567993,0.048208475
21/6/2025,"have completed very successful attack three Nuclear sites Iran, including Fordow, Natanz, Esfahan. planes outside Iran space. full payload BOMBS dropped primary site, Fordow. planes safely their home. Congratulations great American Warriors. There another military World that could have done this. TIME PEACE! Thank your attention this matter.",positive,0.9344160556793213,0.004795835,0.055992268,0.939211905
21/6/2025,https://t.co/2OYrMFlw46,,,,,
21/6/2025,https://t.co/2uweRciDEo,,,,,
24/6/2025,"FAKE NEWS CNN, TOGETHER WITH FAILING YORK TIMES, HAVE TEAMED ATTEMPT DEMEAN MOST SUCCESSFUL MILITARY STRIKES HISTORY. NUCLEAR SITES IRAN COMPLETELY DESTROYED! BOTH TIMES GETTING SLAMMED PUBLIC!",negative,-0.93640691,0.9435186982154846,0.049369503,0.007111773
25/6/2025,"just caught Failing York Times, working with Fake News CNN, cheating again! They tried demean great work pilots did, they were wrong doing These reporters just SICK PEOPLE. would think they would proud great success had, instead trying always make Country look bad. TOTAL OBLITERATION!",negative,-0.933030248,0.9409171938896179,0.051195823,0.007886964
4/7/2025,https://t.co/PTPGtD7bjV,,,,,
4/7/2025,HAPPY 4TH OF JULY! 🎇🎆🇺🇸🦅https://t.co/54aoHX14mj,positive,0.983406126,0.00229902,0.011995852924883366,0.9857051372528076
17/7/2025,https://t.co/iDGcFKBR9r,,,,,
21/7/2025,https://t.co/W4F1joXP8E,,,,,
29/7/2025,"Due to a massive earthquake that occurred in the Pacific Ocean, a Tsunami Warning is in effect for those living in Hawaii. A Tsunami Watch is in effect for Alaska and the Pacific Coast of the United States. Japan is also in the way. Please visit https://t.co/V5RZFDxYzl for the latest information. STAY STRONG AND STAY SAFE!",neutral,-0.33420071,0.3701293170452118,0.5939420461654663,0.035928603
4/9/2025,https://t.co/IVIHaB3DYr,,,,,
4/9/2025,https://t.co/tIFFgTibCa,,,,,
4/9/2025,https://t.co/jauBk37XWF,,,,,
4/9/2025,https://t.co/KBZz0iosQX,,,,,
4/9/2025,https://t.co/uCKSkNF0D3,,,,,
10/9/2025,TO MY GREAT FELLOW AMERICANS… https://t.co/oRsrE5TTHr,positive,0.8294870257377625,0.007269013,0.15597496926784515,0.8367560505867004
11/9/2025,https://t.co/HGH3yQKdO7,,,,,
15/9/2025,"MY son Eric’s just out book, “UNDER SIEGE,” immediately went to NUMBER ONE on Amazon. Great going Eric, you deserve it!!! https://t.co/na0jBJ1VmX https://t.co/LBnGcsLMWH [OCR: FOREWORD PRESIDENT DONALD TRUMP]",positive,0.9812938570976257,0.002302715,0.014100701548159122,0.9835965633392334
16/9/2025,https://t.co/gZgTprtUvt,,,,,
29/9/2025,https://t.co/JzQYLShOCt,,,,,
30/9/2025,What a great couple—Congratulations! President DJT https://t.co/pTmr43r784,positive,0.9772103428840637,0.003713674,0.015362321399152279,0.9809240102767944
30/9/2025,https://t.co/2yyuRkm9r8,,,,,
30/9/2025,https://t.co/AdZzv7LJLt,,,,,
30/9/2025,https://t.co/NNNumraCkN,,,,,
30/9/2025,"Yes, I’m watching. Congratulations! https://t.co/3iN3YnTUnn",positive,0.9807162284851074,0.002164429,0.014954994,0.9828806519508362
30/9/2025,"It was great being with King Charles, Queen Camilla, and the Royal Family! https://t.co/XFxJAH7aF2",positive,0.9786283373832703,0.002229663,0.016912242397665977,0.9808580279350281
2/10/2025,https://t.co/na2ivYVFoT,,,,,
2/10/2025,https://t.co/BlX7O7Idjj,,,,,
12/10/2025,"I am pleased to announce that the great Dan Scavino, in addition to remaining Deputy Chief of Staff of the Trump Administration, will head the White House Presidential Personnel Office, replacing Sergio Gor, who did a wonderful job in that position, and will now become the Ambassador to India. Dan will be responsible for the selection and appointment of almost all positions in government, a very big and important position. Congratulations Dan, you will do a fantastic job!!! President DJT",positive,0.974362314,0.001684346,0.022268992,0.9760466814041138
13/10/2025,https://t.co/08KV4EtQDZ,,,,,
14/10/2025,"Don’t forget to get a copy of my son Eric’s book, “UNDER SIEGE,” which is breaking records everywhere. It’s a phenomenal book, that’s a must read for everyone—Congratulations Eric, you deserve it!!! https://t.co/na0jBJ1nxp https://t.co/jUtJ6xrP5P",positive,0.9837746620178223,0.002509954,0.011205406859517097,0.986284614
14/10/2025,"RT @kaitrump: I had an amazing time filming with my Grandpa to kick off my new series called 1 on 1 with Kai. In the video, everyone gets to see the bond we have, especially on the golf course. This is my favorite video I have filmed so far and holds a lot of meaning to me. I hope you enjoy this very special video. Out now on YouTube!  https://t.co/uufCTwbO74",positive,0.9813371300697327,0.001812572,0.015037678182125092,0.9831497073173523
25/11/2025,"I am asking all America First Patriots in Tennessee’s 7th Congressional District, who haven’t voted yet, to please GET OUT AND VOTE for MAGA Warrior Matt Van Epps, tomorrow, November 26th, the last day to vote early in person. You can win this Election for Matt! PLEASE VOTE FOR MATT VAN EPPS, who has my Complete and Total Endorsement. Polls close at 12 P.M. NOON in most of TN-07, and every vote counts. IF YOU ARE IN LINE BY 12 P.M., STAY IN LINE, AND THEY MUST LET YOU VOTE! TN-07: Early Voting ends November 26th, and Election Day is December 2nd. GET OUT AND VOTE FOR MATT VAN EPPS — HE WILL NEVER LET YOU DOWN!   Find your Early Voting location at: https://t.co/saCiO9NLKx",positive,0.7838479280471802,0.006118853,0.20391437411308289,0.7899667620658875
26/11/2025,"Donald Trump @realDonaldTrump animal that shot National Guardsmen, with both being critically wounded, separate hospitals, also severely wounded, regardless, will very steep price. bless Great National Guard, Military Enforcement. These truly Great People. President United States, everyone associated with Office Presidency, with you!",negative,-0.284820706,0.4833473861217499,0.3181259334087372,0.19852668046951294
28/11/2025,"A very Happy Thanksgiving salutation to all of our Great American Citizens and Patriots who have been so nice in allowing our Country to be divided, disrupted, carved up, murdered, beaten, mugged, and laughed at, along with certain other foolish countries throughout the World, for being “Politically Correct,” and just plain STUPID, when it comes to Immigration. The official United States Foreign population stands at 53 million people (Census), most of which are on welfare, from failed nations, or from prisons, mental institutions, gangs, or drug cartels. They and their children are supported through massive payments from Patriotic American Citizens who, because of their beautiful hearts, do not want to openly complain or cause trouble in any way, shape, or form. They put up with what has happened to our Country, but it’s eating them alive to do so! A migrant earning $30,000 with a green card will get roughly $50,000 in yearly benefits for their family. The real migrant population is much higher. This refugee burden is the leading cause of social dysfunction in America, something that did not exist after World War II (Failed schools, high crime, urban decay, overcrowded hospitals, housing shortages, and large deficits, etc.). As an example, hundreds of thousands of refugees from Somalia are completely taking over the once great State of Minnesota. Somalian gangs are roving the streets looking for “prey” as our wonderful people stay locked in their apartments and houses hoping against hope that they will be left alone. The seriously retarded Governor of Minnesota, Tim Walz, does nothing, either through fear, incompetence, or both, while the worst “Congressman/woman” in our Country, Ilhan Omar, always wrapped in her swaddling hijab, and who probably came into the U.S.A. illegally in that you are not allowed to marry your brother, does nothing but hatefully complain about our Country, its Constitution, and how “badly” she is treated, when her place of origin is a decadent, backward, and crime ridden nation, which is essentially not even a country for lack of Government, Military, Police, schools, etc. Even as we have progressed technologically, Immigration Policy has eroded those gains and living conditions for many. I will permanently pause migration from all Third World Countries to allow the U.S. system to fully recover, terminate all of the millions of Biden illegal admissions, including those signed by Sleepy Joe Biden’s Autopen, and remove anyone who is not a net asset to the United States, or is incapable of loving our Country, end all Federal benefits and subsidies to noncitizens of our Country, denaturalize migrants who undermine domestic tranquility, and deport any Foreign National who is a public charge, security risk, or non-compatible with Western Civilization. These goals will be pursued with the aim of achieving a major reduction in illegal and disruptive populations, including those admitted through an unauthorized and illegal Autopen approval process. Only REVERSE MIGRATION can fully cure this situation. Other than that, HAPPY THANKSGIVING TO ALL, except those that hate, steal, murder, and destroy everything that America stands for — You won’t be here for long!",neutral,-0.069502175,0.3353376090526581,0.3988269567489624,0.2658354341983795
28/11/2025,"Democracy is on trial in the coming Elections in the beautiful country of Honduras on November 30th. Will Maduro and his Narcoterrorists take over another country like they have taken over Cuba, Nicaragua, and Venezuela? The man who is standing up for Democracy, and fighting against Maduro, is Tito Asfura, the Presidential Candidate of the National Party. Tito was the highly successful Mayor of Tegucigalpa where he brought running water to millions, and paved hundreds of kilometers of roads. His chief opponent is Rixi Moncada, who says Fidel Castro is her idol. Normally, the smart people of Honduras, would reject her, and elect Tito Asfura, but the Communists are trying to trick the people by running a third Candidate, Salvador Nasralla. Nasralla is no friend of Freedom. A borderline Communist, he helped Xiomara Castro by running as her Vice President. He won, and helped Castro win. Then he resigned, and is now pretending to be an anti-Communist only for the purposes of splitting Asfura’s vote. The people of Honduras must not be tricked again. The only real friend of Freedom in Honduras is Tito Asfura. Tito and I can work together to fight the Narcocommunists, and bring needed aid to the people of Honduras. I cannot work with Moncada and the Communists, and Nasralla is not a reliable partner for Freedom, and cannot be trusted. I hope the people of Honduras vote for Freedom and Democracy, and elect Tito Asfura, President!",neutral,-0.367161363,0.4189312756061554,0.5292987823486328,0.051769908517599106
28/11/2025,"The United States did not attend the G20 in South Africa, because the South African Government refuses to acknowledge or address the horrific Human Right Abuses endured by Afrikaners, and other descendants of Dutch, French, and German settlers. To put it more bluntly, they are killing white people, and randomly allowing their farms to be taken from them. Perhaps, worst of all, the soon to be out of business New York Times and the Fake News Media won’t issue a word against this genocide. That’s why all the Liars and Pretenders of the Radical Left Media are going out of business! At the conclusion of the G20, South Africa refused to hand off the G20 Presidency to a Senior Representative from our U.S. Embassy, who attended the Closing Ceremony. Therefore, at my direction, South Africa will NOT be receiving an invitation to the 2026 G20, which will be hosted in the Great City of Miami, Florida next year. South Africa has demonstrated to the World they are not a country worthy of Membership anywhere, and we are going to stop all payments and subsidies to them, effective immediately. Thank you for your attention to this matter!",negative,-0.873187065,0.8792200088500977,0.11474710702896118,0.006032926
29/11/2025,"To all Airlines, Pilots, Drug Dealers, and Human Traffickers, please consider THE AIRSPACE ABOVE AND SURROUNDING VENEZUELA TO BE CLOSED IN ITS ENTIRETY. Thank you for your attention to this matter! PRESIDENT DONALD J. TRUMP",neutral,-0.220221311,0.32243862748146057,0.5753440856933594,0.10221732407808304
1/12/2025,"I am asking all America First Patriots in Tennessee’s 7th Congressional District to please GET OUT AND VOTE TOMORROW for a phenomenal Candidate, Matt Van Epps, on Election Day, Tuesday, December 2nd! You can win this Election for MAGA Warrior Matt Van Epps, who has my Complete and Total Endorsement. HE WILL BE A GREAT CONGRESSMAN and, unlike his Opponent, he cherishes Christianity and Country Music — She has openly stated that she hates them both!   TN-07: Polls open in all Counties no later than 9:00 A.M., but some open as early as 7:00 A.M. Polls close at 7:00 P.M. IF YOU ARE IN LINE BY 7 P.M., STAY IN LINE, AND THEY MUST LET YOU VOTE! Election Day is TOMORROW, December 2nd. GET OUT AND VOTE, VOTE, VOTE FOR MATT VAN EPPS — HE WILL NEVER LET YOU DOWN!   Find your voting location and hours at: https://t.co/saCiO9NLKx",positive,0.919373095,0.003414918,0.073797077,0.9227880239486694
2/12/2025,"I am asking all America First Patriots in Tennessee’s 7th Congressional District to please GET OUT AND VOTE for a phenomenal Candidate and MAGA Warrior, Matt Van Epps! You can win this Election for Matt, who has my Complete and Total Endorsement. HE WILL BE A GREAT CONGRESSMAN and, unlike his Opponent, he cherishes Christianity and Country Music — She has openly stated that she hates them both!   TN-07: Polls close at 7:00 P.M. IF YOU ARE IN LINE BY 7 P.M., STAY IN LINE, AND THEY MUST LET YOU VOTE. GET OUT AND VOTE, VOTE, VOTE FOR MATT VAN EPPS — HE WILL NEVER LET YOU DOWN!   Find your voting location and hours at: https://t.co/saCiO9NLKx",positive,0.9400779604911804,0.003573672,0.052774734795093536,0.9436516165733337
23/12/2025,"THE TRUMP KENNEDY CENTER HONORS will be broadcast tonight, on CBS, and Stream on Paramount+. Tune in at 8 P.M. EST! At the request of the Board, and just about everybody else in America, I am hosting the event. Tell me what you think of my “Master of Ceremony” abilities. If really good, would you like me to leave the Presidency in order to make “hosting” a full time job? We will be honoring true GREATS in the History of Entertainment: Sylvester Stallone, Michael Crawford, KISS, George Strait, and Gloria Gaynor.",positive,0.5320272445678711,0.004018893,0.45993494987487793,0.5360461473464966
24/12/2025,"Merry Christmas to all, including the Radical Left Scum that is doing everything possible to destroy our Country, but are failing badly. We no longer have Open Borders, Men in Women’s Sports, Transgender for Everyone, or Weak Law Enforcement. What we do have is a Record Stock Market and 401K’s, Lowest Crime numbers in decades, No Inflation, and yesterday, a 4.3 GDP, two points better than expected. Tariffs have given us Trillions of Dollars in Growth and Prosperity, and the strongest National Security we have ever had. We are respected again, perhaps like never before. God Bless America!!! President DJT",positive,0.20462435483932495,0.28919079899787903,0.21699412167072296,0.493815154
23/1/2026,"COUNTDOWN: 7 Days until the World will witness an unforgettable, behind-the-scenes, look at one of the most important events of our time.  MELANIA: TWENTY DAYS TO HISTORY: https://t.co/rjwd5Appkv https://t.co/AHD0rn1M7C",positive,0.8964652419090271,0.002019667,0.099495426,0.8984848856925964
23/1/2026,I have been briefed on the Record Cold Wave and Historic Winter Storm that will be hitting much of the United States this weekend. The Trump Administration is coordinating with State and Local Officials. FEMA is fully prepared to respond. Stay Safe and Stay Warm! President DJT https://t.co/t524rfMjvj,neutral,0.39213261008262634,0.017733721062541008,0.5723999738693237,0.4098663330078125
26/1/2026,"MELANIA, the Movie, is a MUST WATCH. Get your tickets today — Selling out, FAST!  Photo: Regine Mahaux https://t.co/rjwd5Appkv https://t.co/vFpXfV0Mg0",positive,0.962410569,0.001804011,0.033981375,0.964214563
30/1/2026,"Last night I saw, “MELANIA,” for the second time. The audience loved it, and so do I. Check it out — A MUST SEE! https://t.co/rjwd5Appkv",positive,0.9854288697242737,0.002367968,0.009835222,0.9877968430519104
31/1/2026,"RT @MELANIATRUMP: MELANIA, the film. #1 Highest Opening In 10 Yrs (Doc) Loved By All - “A” CinemaScore https://t.co/HTVM0Cu2Jv",positive,0.9652101993560791,0.002037011,0.030715810135006905,0.9672471880912781
2/2/2026,"RT @FoxNews: RECORD BREAKER: “Melania,” a documentary following the first lady in the 20 days before President Trump’s second inauguration, earns $8 million opening weekend — reportedly making it the biggest documentary debut in more than a decade. https://t.co/NOqjPsOYLX",positive,0.6488409042358398,0.00366114,0.34383684396743774,0.6525020599365234
2/2/2026,"RT @THR: Box Office: ‘Melania’ Heads for $8 Million Opening, the Best Showing in a Decade for a Doc https://t.co/2FKjEMRoxW",positive,0.8895902037620544,0.002780798,0.10484814643859863,0.8923709988594055
2/2/2026,"RT @DanScavino: On behalf of Erin and me, thank you to everyone for the love and support we've received. We both had an unforgettable wedding day, and we'll never forget it. We're humbled and grateful to all.  THANK YOU! 🙏🏻🇺🇸🦅🚀 https://t.co/0qXxYWCY7A",positive,0.9870918989181519,0.002665145,0.007577738,0.9897570610046387
28/2/2026,https://t.co/BZuJDudLej,,,,,
2/3/2026,https://t.co/uAxTGrJisv,,,,,